,r2,rmse,mae
LinearRegression,0.6596643165834815,36.11077046293466,22.73826213920636
Ridge,0.6615700183630208,36.009527825958905,22.625881882503094
Lasso,0.677289010584317,35.1633212992621,22.13885199365222
RandomForest,0.9497172786099708,13.880093727236321,3.361541952133465
GradientBoosting,0.9518790568717178,13.57844622915857,3.875152079575479
